N,SOA,trial,hit,conf,lat,conf_cal
32,0,0,0,0.22828553819295586,,0.41386629324374885
32,0,1,1,0.2534746899957472,,0.42345192762635725
32,0,2,1,0.2797397149375076,,0.43285427346194083
32,0,3,1,0.27067815886514796,,0.4296705063165222
32,0,4,0,0.2414377406958079,,0.41894896137991555
32,0,5,1,0.2513235986725184,,0.42265692939241156
32,0,6,1,0.2971648657645627,,0.4388198700906701
32,0,7,0,0.2546072240300075,,0.42386885590670187
32,0,8,0,0.296057832414449,,0.4384465699724519
32,0,9,0,0.27194397820751787,,0.43011885070073624
32,0,10,1,0.31159998877703526,,0.4436229129199051
32,0,11,0,0.27163026795124967,,0.430007848268214
32,0,12,1,0.24721244431875183,,0.4211259771175231
32,0,13,0,0.24360728499530365,,0.41977058843825504
32,0,14,0,0.30744563774716316,,0.44225252291370826
32,0,15,0,0.29211942340900016,,0.43711246163450307
32,0,16,1,0.2481694063938672,,0.4214837166925513
32,0,17,1,0.24346836516686912,,0.4197181141206372
32,0,18,0,0.28533628514816234,,0.4347918245720023
32,0,19,1,0.2793556102417502,,0.43272050892902125
32,0,20,0,0.2888769674142421,,0.43600684677036644
32,0,21,0,0.24927742753421145,,0.4218968765251898
32,0,22,1,0.23990792290870794,,0.4183668476915331
32,0,23,0,0.27637342974779755,,0.431678438347195
32,0,24,1,0.26805744914251817,,0.4287384252801462
32,0,25,0,0.28347947461506423,,0.4341513390910274
32,0,26,1,0.29542547378489414,,0.43823300226949574
32,0,27,0,0.30158538060681533,,0.44030326500693256
32,0,28,1,0.3002404143148099,,0.43985314428079775
32,0,29,0,0.25767088830359064,,0.42499116788218044
32,1,0,0,0.25284435043661707,,0.42321939038265394
32,1,1,0,0.2583165373898118,,0.42522667158657595
32,1,2,1,0.28749539492264514,,0.4355337170513796
32,1,3,1,0.2964329495469997,,0.4385731448568154
32,1,4,1,0.27519467771241574,,0.43126479881427365
32,1,5,0,0.26783495964616183,,0.4286590531073208
32,1,6,1,0.2687062438748271,,0.4289696628682461
32,1,7,1,0.26791893607408657,,0.42868901581605157
32,1,8,0,0.26317806694429896,,0.4269888551620551
32,1,9,0,0.2692989643746514,,0.42918063351111874
32,1,10,0,0.28258978744748825,,0.43384363210443755
32,1,11,0,0.2601780871758206,,0.4259037318561878
32,1,12,1,0.2837897212527541,,0.4342585154923863
32,1,13,1,0.2900717723560153,,0.43641502772665014
32,1,14,1,0.2617039271555702,,0.4264565587920105
32,1,15,1,0.25899548680610746,,0.4254739448385231
32,1,16,1,0.28031994802770765,,0.43305614546561716
32,1,17,1,0.2751172128554526,,0.4312375803256484
32,1,18,1,0.2756912275370243,,0.4314391664790348
32,1,19,1,0.2573728416628432,,0.42488233544576115
32,1,20,1,0.2680292374754527,,0.42872836299860795
32,1,21,0,0.2391555696688095,,0.4180797204545288
32,1,22,0,0.3115575750713255,,0.4436089685827631
32,1,23,1,0.293063546923489,,0.43743314722437504
32,1,24,1,0.27565967126439606,,0.43142809051539305
32,1,25,0,0.2412737811832045,,0.4188866827362685
32,1,26,1,0.27317977145442945,,0.4305554106384396
32,1,27,1,0.25768612070848057,,0.4249967280175372
32,1,28,1,0.28948935127483505,,0.4362161692544204
32,1,29,0,0.2660048066673891,,0.4280046993608097
32,2,0,1,0.25638279290266985,,0.4245202766592432
32,2,1,1,0.32330043185356216,,0.4474345696385959
32,2,2,0,0.2871465534793761,,0.4354140581767012
32,2,3,0,0.24765819338819364,,0.4212927158414388
32,2,4,0,0.27784607762936836,,0.4321938142798965
32,2,5,1,0.26054157178660187,,0.4260355991468505
32,2,6,0,0.3107414309188047,,0.44334045968526636
32,2,7,0,0.26419634158901106,,0.4273555231043812
32,2,8,1,0.2512050226764614,,0.42261298683754656
32,2,9,1,0.30224807098788925,,0.440524664330647
32,2,10,0,0.2682072644006567,,0.428791849773108
32,2,11,1,0.2864961327491125,,0.43519074021029935
32,2,12,1,0.2651615451662476,,0.42770231894871386
32,2,13,0,0.2950653075672699,,0.43811125423819447
32,2,14,1,0.27705704513488166,,0.431917871881538
32,2,15,0,0.26840190937937586,,0.428861234905328
32,2,16,0,0.25571515688366275,,0.42427565206368695
32,2,17,0,0.26430577696034274,,0.4273948801748354
32,2,18,0,0.3018771619381197,,0.44040077777826814
32,2,19,1,0.28839647570638,,0.43584243858096494
32,2,20,1,0.2927740937951424,,0.4373348890594287
32,2,21,0,0.25799544701980337,,0.42510959608784055
32,2,22,1,0.28781443099174303,,0.4356430829134485
32,2,23,0,0.2652867758055288,,0.4277472600761246
32,2,24,1,0.2600515911040662,,0.42585781526062555
32,2,25,1,0.3000119217007137,,0.43977657016332017
32,2,26,1,0.2708485669333231,,0.42973093354071035
32,2,27,0,0.2641607203572274,,0.4273427103158288
32,2,28,1,0.26923079372502756,,0.4291563827446868
32,2,29,1,0.26793534906214883,,0.4286948713197842
32,3,0,0,0.24628889948912527,,0.42077992570447975
32,3,1,1,0.26820341193180786,,0.42879047618924293
32,3,2,1,0.26855408507137296,,0.42891546076238946
32,3,3,1,0.2538198471468879,,0.4235791113435378
32,3,4,0,0.2469273776395594,,0.4210192474820067
32,3,5,0,0.2775115899294594,,0.43207689028182283
32,3,6,0,0.26290686913268463,,0.4268910601370346
32,3,7,1,0.27551234027746063,,0.43137636919455197
32,3,8,0,0.2728711281455101,,0.43044648411710185
32,3,9,1,0.28071222093857817,,0.4331924912962888
32,3,10,0,0.25825191081781196,,0.425203114495845
32,3,11,0,0.2898669448706452,,0.43634511725169123
32,3,12,1,0.26742849846819833,,0.42851395125665365
32,3,13,1,0.26582018216170694,,0.4279385436584455
32,3,14,0,0.33436797501363974,,0.4509797650411898
32,3,15,1,0.26511286604565454,,0.4276848462859222
32,3,16,0,0.25817379480019076,,0.4251746356784785
32,3,17,0,0.2724755011418037,,0.43030675649916267
32,3,18,1,0.33118724226884294,,0.4499665664425355
32,3,19,1,0.25283343440693107,,0.4232153602978423
32,3,20,0,0.24212963292435086,,0.41921148225127985
32,3,21,1,0.2593815623652746,,0.42561438203063706
32,3,22,1,0.29194715927215636,,0.43705388964758796
32,3,23,1,0.25494562093643774,,0.4239932163482856
32,3,24,0,0.30783358193709204,,0.4423808882491705
32,3,25,0,0.25758165090971347,,0.424958590500679
32,3,26,1,0.27739575276246986,,0.4320363796121666
32,3,27,1,0.26849658948899086,,0.4288949750345791
32,3,28,1,0.30187032139845676,,0.44039849224288335
32,3,29,1,0.28186783095223866,,0.43359354221821084
32,4,0,0,0.303544495658587,,0.4409570634265089
32,4,1,0,0.27232866084104507,,0.4302548659597475
32,4,2,1,0.24666013540761095,,0.4209191228389568
32,4,3,1,0.22969853840219867,,0.4144210953956908
32,4,4,1,0.28744713792701215,,0.43551716875408525
32,4,5,0,0.25554687478561616,,0.42421393255430967
32,4,6,0,0.23185614450615866,,0.4152640754683596
32,4,7,0,0.25300964714402896,,0.4232804033966588
32,4,8,1,0.24413814332523937,,0.4199709401168329
32,4,9,0,0.24678575042277476,,0.42096619387448403
32,4,10,1,0.25265413008649995,,0.4231491479838026
32,4,11,0,0.23564118071179796,,0.4167309540422082
32,4,12,0,0.23337177070606954,,0.41585325657883365
32,4,13,1,0.2954339770893603,,0.4382358757138619
32,4,14,1,0.2826422421931265,,0.43386178893513516
32,4,15,1,0.2977687071529823,,0.439023180719465
32,4,16,1,0.30874062597514895,,0.44268069658185616
32,4,17,0,0.2503224200950198,,0.42228551144528165
32,4,18,0,0.26991398197382804,,0.42939925791887135
32,4,19,0,0.28672534693167284,,0.43526947105263286
32,4,20,1,0.28054125820795356,,0.43313308129482814
32,4,21,0,0.281810972933873,,0.4335738311990354
32,4,22,0,0.25751748584448986,,0.4249351619774286
32,4,23,1,0.249104543542944,,0.4218324851631169
32,4,24,1,0.2875638498382627,,0.43555718902726126
32,4,25,0,0.2769655331681142,,0.43188583949444553
32,4,26,1,0.2402018995152136,,0.41847888810262635
32,4,27,0,0.29585525832231796,,0.43837818057330835
32,4,28,0,0.28190804943366965,,0.4336074834628085
32,4,29,1,0.27875721653315966,,0.4325119131500179
32,6,0,1,0.274257276570143,,0.43093513609375383
32,6,1,0,0.28125307477701306,,0.433380306951063
32,6,2,0,0.25706260576442375,,0.4247689723066446
32,6,3,0,0.23894630594606475,,0.41799975714079207
32,6,4,1,0.24762893013854886,,0.4212817751394143
32,6,5,0,0.2563457346181947,,0.42450670833626303
32,6,6,1,0.3039126869988915,,0.4410796930917529
32,6,7,1,0.24816216757744217,,0.42148101378285335
32,6,8,1,0.26257161545568247,,0.4267700844705536
32,6,9,1,0.2545357927150249,,0.42384259231471544
32,6,10,1,0.2893092143859685,,0.43615462054188586
32,6,11,1,0.2467636038025353,,0.4209578960569167
32,6,12,1,0.25697844912912593,,0.42473820661580897
32,6,13,0,0.27755869133332606,,0.43209335990488507
32,6,14,1,0.29289770808584653,,0.4373768576969829
32,6,15,0,0.26754061887155023,,0.42855398966323593
32,6,16,1,0.27648419566591115,,0.43171725630846153
32,6,17,1,0.3023907417011301,,0.4405722964921701
32,6,18,0,0.27291964315475165,,0.4304636107028731
32,6,19,1,0.2921666167548673,,0.4371285047346395
32,6,20,1,0.26914782163281087,,0.42912686179539283
32,6,21,1,0.2638872149309758,,0.427244298033
32,6,22,0,0.2553919197126181,,0.42415707937643754
32,6,23,1,0.26970735087323516,,0.42932583739279045
32,6,24,1,0.2762779355850633,,0.4316449653336353
32,6,25,0,0.2968658176775822,,0.4387191013170166
32,6,26,1,0.2518049005263055,,0.4228351642370732
32,6,27,1,0.3136574526405292,,0.44429821021968396
32,6,28,1,0.2644467692944696,,0.42744557228048013
32,6,29,1,0.25830103280217886,,0.4252210203144908
32,8,0,1,0.2630600174305664,,0.4269462932978317
32,8,1,0,0.2550284303572744,,0.4240236336302561
32,8,2,0,0.2689972943423285,,0.42907329173817926
32,8,3,1,0.2650039190629158,,0.42764573457077826
32,8,4,0,0.26507455277944075,,0.42767109298043565
32,8,5,1,0.2582656267992074,,0.4252081144135213
32,8,6,1,0.26433313149323506,,0.42740471640466926
32,8,7,1,0.2884230815215606,,0.4358515460883987
32,8,8,0,0.27123652984774776,,0.4298684251246466
32,8,9,1,0.2761057082009494,,0.4315845789595784
32,8,10,0,0.34622774731225536,,0.45471994771382834
32,8,11,0,0.28121597642499124,,0.4333674306817731
32,8,12,1,0.27802060780476867,,0.4322547919085248
32,8,13,1,0.30214295679066255,,0.4404895633652017
32,8,14,0,0.2531361858426911,,0.42332709412963593
32,8,15,0,0.3223179672634388,,0.44711711912433183
32,8,16,0,0.2949693562877801,,0.43807880623639267
32,8,17,0,0.26522810961695753,,0.4277262082645042
32,8,18,1,0.2813135144985379,,0.43340128263065053
32,8,19,1,0.26868961377314554,,0.428963739745218
32,8,20,1,0.3046842807907436,,0.44133643199315215
32,8,21,1,0.2968148407307438,,0.4387019185196968
32,8,22,1,0.26216775729324354,,0.4266242324950012
32,8,23,0,0.2786958003505585,,0.4324904897303811
32,8,24,1,0.29640609642579013,,0.43856408668862873
32,8,25,1,0.2661010388725452,,0.42803917124463864
32,8,26,0,0.285126351027826,,0.4347195253297418
32,8,27,0,0.2863721824908064,,0.4351481512425763
32,8,28,0,0.24702226899543053,,0.42105478339751384
32,8,29,1,0.261125359504344,,0.42624716231011167
32,10,0,1,0.2565202680746096,,0.42457060085830395
32,10,1,1,0.29430750591308175,,0.43785483415642107
32,10,2,1,0.3005758470930894,,0.43996550190837075
32,10,3,1,0.2964868406044422,,0.43859132222646885
32,10,4,1,0.2700421781456944,,0.4294447925614628
32,10,5,0,0.26494494000635743,,0.42762455731344595
32,10,6,1,0.2632820346439036,,0.4270263306665277
32,10,7,1,0.2589015580111689,,0.42543975893466535
32,10,8,0,0.29173394533854036,,0.436981368509287
32,10,9,1,0.2959861373905961,,0.438422368430275
32,10,10,1,0.3394440465453315,,0.4525876838493563
32,10,11,1,0.27301541461965884,,0.43049741449156764
32,10,12,1,0.29567209483715734,,0.4383163228712215
32,10,13,1,0.25736839465259215,,0.4248807110413566
32,10,14,1,0.2861602908479041,,0.43507532250574393
32,10,15,1,0.2656945982517092,,0.4278935284398038
32,10,16,1,0.2830442608922834,,0.43400088296160355
32,10,17,1,0.3193558474343118,,0.44615718109247016
32,10,18,1,0.26578654991831885,,0.4279264894838241
32,10,19,1,0.2988214580026335,,0.4393771190775393
32,10,20,0,0.3003319230939681,,0.43988380284309
32,10,21,0,0.30457756248640366,,0.4413009426486004
32,10,22,1,0.29822888208816595,,0.43917797382480567
32,10,23,1,0.27935844061966364,,0.4327214949844007
32,10,24,1,0.28067475246852114,,0.4331794726279044
32,10,25,1,0.27648141701051715,,0.43171628263480694
32,10,26,1,0.2467074910922959,,0.4209368699025299
32,10,27,0,0.2920479265565337,,0.43708815405068324
32,10,28,1,0.2831468507574233,,0.4340363604281805
32,10,29,1,0.28591243476872824,,0.4349900950690644
32,12,0,1,0.26076078838732236,,0.4261150754427562
32,12,1,1,0.27944983610876234,,0.43275333261266474
32,12,2,1,0.3072426570295995,,0.44218532660848453
32,12,3,1,0.303276691148113,,0.44086782036935823
32,12,4,0,0.2928662164396026,,0.43736616677920886
32,12,5,1,0.2816453394331061,,0.43351639830858346
32,12,6,1,0.282618255080485,,0.43385348620103725
32,12,7,1,0.26316883876463054,,0.4269855284146149
32,12,8,1,0.2839487662591064,,0.4343134334129646
32,12,9,0,0.26524214468176155,,0.42773124486282665
32,12,10,0,0.27530513941625095,,0.43130360375977805
32,12,11,1,0.277176008658848,,0.43195950437045566
32,12,12,1,0.2881213813773913,,0.4357482435328848
32,12,13,1,0.25148514094339597,,0.42271677444155314
32,12,14,1,0.29489690310503697,,0.43805430090750735
32,12,15,1,0.3131925688165647,,0.44414582030138067
32,12,16,1,0.263336633315296,,0.4270460074668034
32,12,17,1,0.2843293086277888,,0.434444765184942
32,12,18,1,0.3173296929144889,,0.4454980734232745
32,12,19,1,0.269998431707857,,0.4294292554414829
32,12,20,1,0.29069780949929663,,0.43662853783840594
32,12,21,0,0.2707356944898298,,0.4296909110652075
32,12,22,1,0.303209074254655,,0.4408452813155498
32,12,23,1,0.2762929941068948,,0.43165024414321074
32,12,24,1,0.27083739631995674,,0.4297269730749075
32,12,25,1,0.2519053781350271,,0.42287234692677417
32,12,26,0,0.257121736888782,,0.4247905856665907
32,12,27,1,0.28338934405834343,,0.4341201908662409
32,12,28,0,0.24765954935905315,,0.4212932227814716
32,12,29,1,0.30054654594066404,,0.43995568970839777
64,0,0,1,0.2666906050088494,,0.42825020509833006
64,0,1,0,0.24292849719350584,,0.4195140134887873
64,0,2,1,0.23934580054311497,,0.41815237310003583
64,0,3,0,0.24451768216088202,,0.42011401756097455
64,0,4,1,0.2259975314709977,,0.4129632415489353
64,0,5,1,0.24579879738104268,,0.42059596178022574
64,0,6,1,0.25023209899610704,,0.4222519597943091
64,0,7,1,0.26162426739936984,,0.4264277443536366
64,0,8,0,0.24637417375228388,,0.42081191117233735
64,0,9,1,0.23886527162417062,,0.4179687807703321
64,0,10,0,0.22861005044571386,,0.41399390399006464
64,0,11,0,0.24675655630198687,,0.42095525542860657
64,0,12,0,0.2768868283452864,,0.4318582852880616
64,0,13,0,0.23527284328310552,,0.41658886261528605
64,0,14,1,0.2490593079988656,,0.4218156325067866
64,0,15,1,0.237646208243208,,0.4175019837785768
64,0,16,1,0.2523106081701538,,0.4230222152588336
64,0,17,1,0.23396350679041747,,0.41608262889288805
64,0,18,1,0.2339386389383349,,0.41607299685423293
64,0,19,0,0.27707840831775027,,0.43192534888465334
64,0,20,0,0.24970371519404058,,0.422055533139883
64,0,21,0,0.24320078986007423,,0.4196169905138096
64,0,22,1,0.2392271872814239,,0.4181070767600297
64,0,23,1,0.2475134555858743,,0.42123859475526365
64,0,24,0,0.24814476735364874,,0.42147451649714757
64,0,25,1,0.2676156674779807,,0.4285807842337653
64,0,26,1,0.2510193008326474,,0.42254413575121297
64,0,27,0,0.2519607200148119,,0.422892822884895
64,0,28,1,0.2363219836185261,,0.41699321601393097
64,0,29,0,0.22847209046115705,,0.4139396669770975
64,1,0,0,0.2303348662129493,,0.41467023214583554
64,1,1,0,0.2642373555740303,,0.4273702743901611
64,1,2,1,0.24710029135538447,,0.4210839957751182
64,1,3,1,0.2531892057843055,,0.4233466534503602
64,1,4,0,0.22715113347499974,,0.4134192858971146
64,1,5,1,0.2687369825819324,,0.4289806104792301
64,1,6,0,0.24445039315476133,,0.42008866113205984
64,1,7,0,0.24193715351767855,,0.4191384975973606
64,1,8,1,0.2587811302298229,,0.42539591781362796
64,1,9,1,0.24950901713214227,,0.421983090468924
64,1,10,0,0.2423400770990826,,0.4192912376898176
64,1,11,0,0.2842553869451827,,0.4344192611079897
64,1,12,1,0.24156623851938425,,0.41899775185310584
64,1,13,1,0.23762641685907768,,0.417494393023252
64,1,14,0,0.23844962004933543,,0.41780978952759873
64,1,15,0,0.2501622727252149,,0.42222601633504525
64,1,16,1,0.2939395929984475,,0.43773021537649826
64,1,17,1,0.237791612632925,,0.41755773980476707
64,1,18,1,0.24852036456387241,,0.4216147037020453
64,1,19,0,0.22807094725704902,,0.4137818439865405
64,1,20,1,0.22082260395132994,,0.4108987685063263
64,1,21,1,0.22415466891614494,,0.412231596129839
64,1,22,1,0.24297332832123897,,0.41953097285787355
64,1,23,1,0.25708979270517024,,0.4247789099309126
64,1,24,1,0.2334673352284876,,0.41589032476418053
64,1,25,1,0.25264183299383125,,0.42314460595645353
64,1,26,1,0.23793644402755296,,0.41761325489329176
64,1,27,1,0.23578359858217196,,0.4167858562841062
64,1,28,1,0.23818157701279982,,0.41770716824601495
64,1,29,1,0.24876380121555217,,0.4217054945574231
64,2,0,0,0.2561130970032247,,0.4244215048598648
64,2,1,1,0.23886429045320678,,0.4179684056654005
64,2,2,0,0.23543273156098218,,0.4166505589979528
64,2,3,1,0.22597645547069578,,0.41295489582835454
64,2,4,1,0.2681753996343032,,0.42878048816276276
64,2,5,0,0.2853080908811037,,0.434782116441499
64,2,6,0,0.2706102678150202,,0.4296464258621257
64,2,7,1,0.2650820663266953,,0.42767379020834284
64,2,8,0,0.2760652439976881,,0.4315703883140883
64,2,9,1,0.25950615251310777,,0.42565967597245774
64,2,10,0,0.23394980012429958,,0.41607731998453845
64,2,11,0,0.24210917952176686,,0.4192037284045967
64,2,12,1,0.2534331863256531,,0.4234366273117385
64,2,13,1,0.26084228500556245,,0.4261446117322155
64,2,14,0,0.23511290983780542,,0.4165271223715638
64,2,15,1,0.2375430945320884,,0.4174624313686266
64,2,16,1,0.23983478915340048,,0.4183389616611527
64,2,17,1,0.26606186951359223,,0.4280251410413836
64,2,18,1,0.2641331181645082,,0.42733278124312696
64,2,19,1,0.23843912710249515,,0.417805773620673
64,2,20,0,0.26020540084166877,,0.42591364466513804
64,2,21,1,0.23699140516440387,,0.4172506310437354
64,2,22,1,0.22174572010313018,,0.41126931557826485
64,2,23,0,0.23793838577955917,,0.4176139990393846
64,2,24,1,0.2428390267994556,,0.41948016154424805
64,2,25,0,0.25019951732414486,,0.42223985485047993
64,2,26,1,0.26072775979016066,,0.42610310355182274
64,2,27,0,0.24577201911154553,,0.4205859038497241
64,2,28,1,0.2579517479696919,,0.4250936559093114
64,2,29,1,0.2659845942782764,,0.4279974580448091
64,3,0,0,0.23559567967470976,,0.4167134089414879
64,3,1,0,0.24324535177763035,,0.4196338363799572
64,3,2,1,0.24472355004469995,,0.4201915678134409
64,3,3,0,0.2464903532107518,,0.42085547792997885
64,3,4,0,0.23636610329154664,,0.41701019559427743
64,3,5,0,0.2548994960094513,,0.42397627132457
64,3,6,0,0.23522074866319465,,0.4165687550641506
64,3,7,1,0.23184993213374497,,0.41526165546426264
64,3,8,0,0.27268303245395115,,0.4303800668658192
64,3,9,0,0.2634867277964721,,0.4271000876618062
64,3,10,0,0.2453737302726155,,0.42043622685676
64,3,11,0,0.2431727510728682,,0.4196063899551059
64,3,12,1,0.2344263557058127,,0.4162617857452104
64,3,13,1,0.2820427061469141,,0.43365415253863904
64,3,14,0,0.2519061098274856,,0.42287261766361134
64,3,15,1,0.2457135859969928,,0.42056395400837915
64,3,16,0,0.24228201693333548,,0.4192692379746725
64,3,17,1,0.252228135747284,,0.42299172584281297
64,3,18,0,0.2380698160102175,,0.41766435878674135
64,3,19,0,0.24706090864281013,,0.42106925118630967
64,3,20,1,0.24406705946355522,,0.4199441278903175
64,3,21,0,0.2484697058415353,,0.4215958034771338
64,3,22,0,0.2412299989882809,,0.4188700479925561
64,3,23,0,0.2521550605152205,,0.42296470546500053
64,3,24,1,0.23595257478518006,,0.41685096973212105
64,3,25,0,0.2594269338050007,,0.4256308780154513
64,3,26,1,0.2568338672055837,,0.424685336827499
64,3,27,1,0.24651854947061472,,0.4208660494985555
64,3,28,1,0.2449001613209677,,0.4202580651280824
64,3,29,0,0.25690111963144874,,0.42470993146958635
64,4,0,0,0.24844571071098062,,0.421586850331732
64,4,1,0,0.2706194427587163,,0.42964968034951345
64,4,2,0,0.2298109433994342,,0.4144651364885486
64,4,3,1,0.25674252933049624,,0.424651927830174
64,4,4,1,0.21856402149574555,,0.4099878754167123
64,4,5,0,0.234284254643096,,0.4162068058810135
64,4,6,0,0.2582344461072253,,0.42519674781706795
64,4,7,0,0.2298015516195596,,0.4144614572475303
64,4,8,0,0.23269643484751762,,0.4155910285901056
64,4,9,1,0.23762051353226096,,0.4174921287941869
64,4,10,0,0.2482477180484473,,0.4215129544932231
64,4,11,1,0.22709825019567864,,0.41339841256288407
64,4,12,1,0.2616084229004153,,0.42642201248329914
64,4,13,0,0.2506826571593165,,0.4224192559796919
64,4,14,1,0.22477006456469728,,0.4124763480767969
64,4,15,0,0.2559028413986642,,0.4243444589883863
64,4,16,1,0.25083914312173444,,0.4224773179176563
64,4,17,1,0.24216685968323054,,0.4192255938045419
64,4,18,0,0.2393483720899875,,0.4181533549738976
64,4,19,1,0.24501862018139026,,0.4203026504819065
64,4,20,1,0.28917406609332164,,0.43610842979046316
64,4,21,1,0.23775209810403516,,0.4175425898783438
64,4,22,0,0.27564832336944195,,0.4314241073326215
64,4,23,1,0.24678515512035298,,0.42096597083463655
64,4,24,0,0.2350437594905233,,0.41650041957594713
64,4,25,0,0.23415511309534712,,0.4161568218727604
64,4,26,1,0.2777984306244759,,0.4321771635568051
64,4,27,0,0.23148665203601004,,0.41512006949708163
64,4,28,1,0.24912093453787154,,0.4218385912243659
64,4,29,1,0.253760146618717,,0.4235571203009548
64,6,0,1,0.24988496839185895,,0.42212294243350784
64,6,1,1,0.2514836855872843,,0.42271623539328596
64,6,2,1,0.23368876117675313,,0.41597617602068887
64,6,3,1,0.24682339642767037,,0.4209802979004908
64,6,4,0,0.23523330688687047,,0.41657360256078374
64,6,5,0,0.23686551512963666,,0.41720225698893876
64,6,6,1,0.2436476463655043,,0.4197858307130064
64,6,7,1,0.24504388078526232,,0.42031215631154173
64,6,8,1,0.2907407986999708,,0.4366431902097437
64,6,9,1,0.25267549097523684,,0.4231570374781432
64,6,10,0,0.2605567311636733,,0.42604109640213556
64,6,11,1,0.24618591971849238,,0.4207412900360486
64,6,12,0,0.2642298645987629,,0.42736758025010796
64,6,13,1,0.24492380588388668,,0.4202669654900636
64,6,14,0,0.24159486217600484,,0.41900861802865175
64,6,15,0,0.23532285679752424,,0.4166081642595536
64,6,16,1,0.24690783899616586,,0.4210119294070293
64,6,17,1,0.23066898204005937,,0.41480087040283564
64,6,18,1,0.2348168219027334,,0.4164127515358124
64,6,19,1,0.23783551094728164,,0.4175745686323241
64,6,20,0,0.2469752614059642,,0.4210371805443209
64,6,21,1,0.23662031905155861,,0.41710799247516006
64,6,22,0,0.27781687361419377,,0.4321836088345433
64,6,23,0,0.2542682544729401,,0.42374418554262566
64,6,24,0,0.27255291690874045,,0.4303341073173288
64,6,25,0,0.23708766911336127,,0.4172876102077523
64,6,26,1,0.2550567149641581,,0.4240340216818616
64,6,27,0,0.25564349089334826,,0.42424937066107743
64,6,28,1,0.24319848894935692,,0.41961612064232223
64,6,29,0,0.2673248954750253,,0.42847694578988
64,8,0,1,0.25942798361583186,,0.4256312596816677
64,8,1,1,0.2737085756467431,,0.4307418736620616
64,8,2,1,0.26420904747410695,,0.42736009310680284
64,8,3,0,0.2397699945659849,,0.41831425094320673
64,8,4,0,0.29599356752200023,,0.4384248767072184
64,8,5,1,0.2552000215490359,,0.4240866431020996
64,8,6,0,0.25482624094159556,,0.42394935565757413
64,8,7,1,0.26979451597182935,,0.4293568129932169
64,8,8,1,0.2634819228905465,,0.42709835669691615
64,8,9,1,0.2418293713877909,,0.41909761287359326
64,8,10,1,0.2521814106375219,,0.4229744492601695
64,8,11,0,0.2546956628865894,,0.4239013666412695
64,8,12,0,0.28266150673262413,,0.43386845674796953
64,8,13,1,0.25668496686119596,,0.4246308693469598
64,8,14,0,0.2547681366403179,,0.4239280034451321
64,8,15,1,0.2648002337359028,,0.4275725868442551
64,8,16,1,0.3061368315764811,,0.4418188477820674
64,8,17,1,0.23612496715118944,,0.4169173693488616
64,8,18,1,0.2949897014484631,,0.4380856868612813
64,8,19,0,0.2817738951549473,,0.43356097622440537
64,8,20,0,0.28896395370531114,,0.43603659470328165
64,8,21,1,0.2591053797978375,,0.42551393166872353
64,8,22,1,0.24054077106072372,,0.41860793301812116
64,8,23,1,0.25696714107598445,,0.4247340721991709
64,8,24,0,0.2568802513831937,,0.42470230022874866
64,8,25,1,0.25980027512728404,,0.42576655129464364
64,8,26,0,0.24601068181671884,,0.4206755219667745
64,8,27,0,0.2639565747988082,,0.42726926063277915
64,8,28,1,0.2515415427566473,,0.4227376636135228
64,8,29,0,0.25399334010012453,,0.42364300085320805
64,10,0,1,0.27239069040134284,,0.4302767879619248
64,10,1,1,0.27496817489470055,,0.4311852012977746
64,10,2,1,0.2447497239100985,,0.4202014246073655
64,10,3,0,0.2596725813390006,,0.42572016001002294
64,10,4,0,0.2587607223680417,,0.4253884872360267
64,10,5,0,0.2455318775696214,,0.42049567648222824
64,10,6,1,0.25674760857429624,,0.4246537858704144
64,10,7,1,0.2512788085559725,,0.42264033229618814
64,10,8,1,0.23382227587479243,,0.4160279174715629
64,10,9,1,0.26135765174908693,,0.4263312668387232
64,10,10,1,0.24923842013014547,,0.42188235043016825
64,10,11,1,0.24813248762600643,,0.42146993104975716
64,10,12,1,0.3063691729790786,,0.4418959034172035
64,10,13,1,0.24505516649668593,,0.42031640304807194
64,10,14,0,0.263207466374965,,0.42699945316480864
64,10,15,1,0.26959736813540464,,0.429286744935622
64,10,16,1,0.2685641215551207,,0.4289190365110009
64,10,17,1,0.24758831523662647,,0.42126658906608905
64,10,18,1,0.25925174197265183,,0.425567172954018
64,10,19,1,0.24990912089013723,,0.4221319226679294
64,10,20,1,0.2482060843212985,,0.42149741116518163
64,10,21,1,0.24860245174487156,,0.42164532456109816
64,10,22,1,0.24745667879646888,,0.421217359210638
64,10,23,1,0.264825986036776,,0.42758183685471135
64,10,24,1,0.24949486252589317,,0.42197782252542687
64,10,25,1,0.26149041263489087,,0.4263793149224732
64,10,26,1,0.2595396646758964,,0.42567185690431525
64,10,27,1,0.24665026279105307,,0.42091542270442367
64,10,28,1,0.2411430048650008,,0.41883698960937665
64,10,29,1,0.24983142229765995,,0.4221030313710151
64,12,0,0,0.25958392495198324,,0.42568794311109137
64,12,1,1,0.24044842930705618,,0.4185727797803398
64,12,2,1,0.26493352304184603,,0.4276204575745925
64,12,3,1,0.25688360713084335,,0.42470352740597944
64,12,4,0,0.2816207791779185,,0.43350788052245803
64,12,5,1,0.26568758093684075,,0.4278910127366841
64,12,6,1,0.29983396756024255,,0.43971691177075795
64,12,7,1,0.2551032477089022,,0.4240511102016952
64,12,8,1,0.26229829838810614,,0.4266713913890169
64,12,9,1,0.24315737915633165,,0.41960057800999423
64,12,10,1,0.25436072679311184,,0.4237782060345639
64,12,11,1,0.26683258063810406,,0.4283009844692536
64,12,12,0,0.25042991303232237,,0.42232543235981446
64,12,13,1,0.24344740017359154,,0.41971019338853277
64,12,14,1,0.2617377817063348,,0.42646880305913343
64,12,15,1,0.23464831517295695,,0.4163476212894605
64,12,16,1,0.24657296207210141,,0.42088644821437027
64,12,17,1,0.2763229638455835,,0.43166074964113565
64,12,18,0,0.27219993063904524,,0.4302093620379073
64,12,19,0,0.2509176442421092,,0.42250643639696134
64,12,20,1,0.24709838767082956,,0.42108328308314014
64,12,21,0,0.2687243335745686,,0.4289761056143384
64,12,22,1,0.24923601174994578,,0.42188145352022927
64,12,23,0,0.2749247137552575,,0.4311699239578333
64,12,24,1,0.24105162034324212,,0.41880225486506634
64,12,25,1,0.26002419658000514,,0.4258478696290939
64,12,26,1,0.2525534356184855,,0.4231119517688462
64,12,27,1,0.24254010445661986,,0.419367005549759
64,12,28,1,0.2617404342135249,,0.4264697623592186
64,12,29,1,0.26732867914407593,,0.4284782974070198
128,0,0,1,0.22731459304864088,,0.41348378461137625
128,0,1,0,0.2348341739109965,,0.4164194566592254
128,0,2,1,0.2232029434990874,,0.4118522238423307
128,0,3,0,0.22733155156380094,,0.41349047448419113
128,0,4,1,0.22188202292315343,,0.41132394370308645
128,0,5,1,0.2535243116527187,,0.4234702186553054
128,0,6,0,0.22965606340753636,,0.41440444980366437
128,0,7,1,0.23361912360724818,,0.41594918169465084
128,0,8,0,0.2356669356176914,,0.416740884132623
128,0,9,1,0.24276529650611858,,0.41945225921297324
128,0,10,1,0.23868542125316144,,0.41790000728556104
128,0,11,1,0.2459963562814926,,0.4206701442176888
128,0,12,1,0.2449194181744381,,0.42026531389439487
128,0,13,1,0.22528925211748665,,0.4126825004081068
128,0,14,1,0.22592631823324938,,0.4129350403615006
128,0,15,0,0.2364546219318813,,0.41704425623715363
128,0,16,1,0.23296690208875934,,0.4156961068419951
128,0,17,1,0.2251463537855343,,0.41262579076739864
128,0,18,0,0.23831296724600404,,0.41775748050949063
128,0,19,0,0.26145343457983766,,0.4263659334738668
128,0,20,1,0.23189645637745082,,0.4152797777913222
128,0,21,0,0.2398972533556202,,0.41836277970206237
128,0,22,1,0.22715774608915695,,0.4134218957144367
128,0,23,1,0.22586174702932935,,0.4129094645410182
128,0,24,0,0.2318530171596968,,0.4152628572285686
128,0,25,1,0.2336633548491355,,0.41596632809459705
128,0,26,1,0.23755404972647662,,0.4174666340783412
128,0,27,0,0.23269856642692852,,0.41559185702484847
128,0,28,1,0.22033762968379875,,0.4107036913086227
128,0,29,0,0.259763778142898,,0.4257532932801631
128,1,0,1,0.23143303664103346,,0.4150991613030791
128,1,1,1,0.22534406655276823,,0.41270424752946094
128,1,2,1,0.24218118841253963,,0.4192310250399732
128,1,3,0,0.2582907055415429,,0.42521725601614296
128,1,4,1,0.2420098652917217,,0.4191660727938621
128,1,5,1,0.23067892158464684,,0.41480475488714486
128,1,6,1,0.23372727068130525,,0.41599110167092157
128,1,7,1,0.23996110539625337,,0.4183871229424024
128,1,8,1,0.23145274968724303,,0.4151068490835067
128,1,9,1,0.22460774920955243,,0.4124118349292385
128,1,10,0,0.23300091908491746,,0.4157093171894647
128,1,11,1,0.23431849251102266,,0.41622005466915124
128,1,12,1,0.24698250670592475,,0.42103989381331725
128,1,13,0,0.22427587509511834,,0.41227983591975265
128,1,14,0,0.22669391445927034,,0.413238715636832
128,1,15,1,0.2292056811589515,,0.4142278277331638
128,1,16,0,0.24563307219530628,,0.42053370451602917
128,1,17,1,0.2409966866403838,,0.4187813709356913
128,1,18,1,0.22665529500915518,,0.4132234528800171
128,1,19,0,0.24017304849387927,,0.41846789617691943
128,1,20,1,0.2285541199479007,,0.41397191823292034
128,1,21,1,0.22860024402133833,,0.413990049424968
128,1,22,0,0.24116500803735227,,0.4188453516704365
128,1,23,0,0.22134624985985948,,0.4111090880624454
128,1,24,0,0.24736328622951015,,0.42118242222316493
128,1,25,1,0.24075530081304575,,0.41868956916081207
128,1,26,1,0.22635915359991204,,0.413106359504825
128,1,27,1,0.2331691080932799,,0.4157746146907603
128,1,28,0,0.23207274630385719,,0.4153484260742571
128,1,29,1,0.24437202681731804,,0.42005912502639886
128,2,0,0,0.24219766461854236,,0.41923727001998123
128,2,1,1,0.24701575249995433,,0.42105234329879765
128,2,2,0,0.22610639593934065,,0.4130063419630731
128,2,3,1,0.23900313130469414,,0.4180214754230739
128,2,4,1,0.23682302802498312,,0.41718592740442917
128,2,5,0,0.24775282162649634,,0.42132808925952714
128,2,6,0,0.24330391887133704,,0.4196559737622625
128,2,7,1,0.2347891328015762,,0.41640205132932856
128,2,8,1,0.23142245587919832,,0.41509503479936893
128,2,9,0,0.2285189707107387,,0.41395809963356495
128,2,10,0,0.2390010815859846,,0.4180206920899778
128,2,11,1,0.22126401240808657,,0.4110760792824402
128,2,12,0,0.2474826744336544,,0.421227082418051
128,2,13,1,0.24185207651949425,,0.4191062264931389
128,2,14,0,0.21523142061490233,,0.40863249770715526
128,2,15,1,0.2361589891657377,,0.416930469858139
128,2,16,0,0.24270519306439894,,0.4194295099189369
128,2,17,0,0.2254059028233113,,0.41272877640577477
128,2,18,0,0.2428118525110158,,0.4194698783756897
128,2,19,0,0.2329165850288519,,0.4156765641973925
128,2,20,1,0.22587211966863827,,0.4129135733269594
128,2,21,1,0.23220561284108154,,0.4154001431723323
128,2,22,1,0.22666119316805758,,0.41322578399403564
128,2,23,1,0.25413286577008026,,0.4236943627405829
128,2,24,0,0.22947499414255487,,0.41433346822857936
128,2,25,0,0.23296167258941836,,0.415694075881087
128,2,26,0,0.2413107198281677,,0.41890071586259026
128,2,27,1,0.23640867662886636,,0.417026578175013
128,2,28,0,0.23120396458394538,,0.4150097962277755
128,2,29,0,0.2319267605157023,,0.4152915807501192
128,3,0,1,0.22174807754017853,,0.4112702605890734
128,3,1,1,0.22273065804724917,,0.4116635746661529
128,3,2,0,0.22916814885638223,,0.4142130990468021
128,3,3,1,0.2238299783720716,,0.4121022868587703
128,3,4,0,0.22809065762684674,,0.41378960284889665
128,3,5,1,0.22409179910781504,,0.412206567444335
128,3,6,1,0.23094414138800926,,0.4149083663905823
128,3,7,1,0.23892213279177793,,0.4179905173407085
128,3,8,1,0.25350153825692306,,0.42346182442601377
128,3,9,0,0.258579376256075,,0.4253224431669462
128,3,10,1,0.24490825938045452,,0.4202611134850608
128,3,11,0,0.23860685092415201,,0.4178699523961753
128,3,12,1,0.22750021550565563,,0.41355699238410876
128,3,13,0,0.24375173691171023,,0.4198251328094782
128,3,14,1,0.22443472640334566,,0.4123430328846606
128,3,15,1,0.22591611089843086,,0.4129309976811566
128,3,16,1,0.21631004295014467,,0.4090726764017662
128,3,17,0,0.22000925550781839,,0.410571446331146
128,3,18,0,0.22744341936592058,,0.41353459658513203
128,3,19,1,0.22410371158100978,,0.41221131018917206
128,3,20,1,0.22214932555469577,,0.4114310113190038
128,3,21,0,0.2195160229140389,,0.4103725662747175
128,3,22,1,0.2711781893216168,,0.42984775681684767
128,3,23,1,0.23834292671773097,,0.41776895023306876
128,3,24,0,0.2562164548024786,,0.4244593653374678
128,3,25,0,0.24622961513115343,,0.42075768477160613
128,3,26,0,0.25304341812685177,,0.42329286571922575
128,3,27,1,0.23255703521065835,,0.41553684070816516
128,3,28,0,0.2231862959519701,,0.4118455785653624
128,3,29,1,0.22780910876722074,,0.4136787321270665
128,4,0,0,0.23251087768035705,,0.4155188936639
128,4,1,1,0.22805316323969882,,0.41377484305193296
128,4,2,0,0.23348017336510396,,0.41589530377210954
128,4,3,0,0.2479954774446771,,0.42141875985241223
128,4,4,0,0.2322308512191607,,0.41540996486004067
128,4,5,0,0.22546127370033614,,0.41275073694400766
128,4,6,0,0.2369291150526895,,0.417226697683988
128,4,7,1,0.23082733896546953,,0.41486274537249634
128,4,8,1,0.24075297542174978,,0.4186886845098931
128,4,9,0,0.22597381910471998,,0.4129538518391428
128,4,10,0,0.2224425083292201,,0.4115483490321481
128,4,11,0,0.24764445934539936,,0.42128758116935744
128,4,12,1,0.21481640161150928,,0.4084627439771671
128,4,13,0,0.23400601381736227,,0.41609909159630293
128,4,14,1,0.24154609668333338,,0.4189901050860884
128,4,15,0,0.25332308566820233,,0.4233960314304366
128,4,16,0,0.22805991360096187,,0.41377750047007056
128,4,17,0,0.2149501781999619,,0.40851748573962215
128,4,18,0,0.24058236197533575,,0.41862376336630636
128,4,19,1,0.2203112039384542,,0.41069305371829384
128,4,20,1,0.23953789787057514,,0.4182257020315567
128,4,21,1,0.23672498701709513,,0.4171482390951818
128,4,22,1,0.25610976294150506,,0.4244202834244154
128,4,23,1,0.23492947033295378,,0.41645627531625146
128,4,24,0,0.23043507760046283,,0.41470942715812975
128,4,25,1,0.23130661940978753,,0.4150498506566173
128,4,26,1,0.24776835866401992,,0.4213338964422401
128,4,27,1,0.23812485842147338,,0.4176854440615571
128,4,28,1,0.24429443819663987,,0.4200298762905896
128,4,29,0,0.2158901089745886,,0.40890147627017165
128,6,0,1,0.24552438620545716,,0.4204928609119589
128,6,1,0,0.24241528459372058,,0.4193197298882799
128,6,2,1,0.24492155226951517,,0.4202661172001299
128,6,3,1,0.22877874018419903,,0.4140601935156781
128,6,4,0,0.25363578607501436,,0.4235113013651408
128,6,5,0,0.22968816341006745,,0.41441702970517985
128,6,6,0,0.22346237593010101,,0.4119557412067652
128,6,7,0,0.24794471753390515,,0.42139979742449224
128,6,8,1,0.2538035522410336,,0.4235731093272695
128,6,9,0,0.22173356803757613,,0.41126444415338653
128,6,10,0,0.2476151015304874,,0.42127660473878414
128,6,11,1,0.23083005200374443,,0.41486380520529054
128,6,12,1,0.2438432150384655,,0.419859664208657
128,6,13,0,0.2566196547946321,,0.4246069723610699
128,6,14,0,0.2392444922946064,,0.41811368611631977
128,6,15,1,0.26841113447328147,,0.42886452265472214
128,6,16,1,0.22179292486164115,,0.41128823700638384
128,6,17,0,0.22982430704547765,,0.4144703715474973
128,6,18,0,0.23450187125794383,,0.4162909946629525
128,6,19,1,0.22948429361423042,,0.41433711461700123
128,6,20,1,0.22973984748180706,,0.41443728219092485
128,6,21,1,0.24083541042996023,,0.4187200420989014
128,6,22,1,0.22949518750341505,,0.41434138606775
128,6,23,0,0.23956524118995398,,0.4182361367605751
128,6,24,1,0.24909133488255594,,0.42182756442421
128,6,25,1,0.2420138693763428,,0.4191675911528083
128,6,26,0,0.24456315200772555,,0.4201311494711088
128,6,27,1,0.23300469172929525,,0.4157107822036822
128,6,28,1,0.22800832508537006,,0.4137571903135957
128,6,29,1,0.2256866529087601,,0.41284008831453606
128,8,0,1,0.24155680335609284,,0.4189941698805802
128,8,1,1,0.2221659703757852,,0.4114376756059741
128,8,2,0,0.23910365132444125,,0.4180598856262164
128,8,3,1,0.24229508659246013,,0.4192741905149638
128,8,4,0,0.24396879337776203,,0.41990705483014396
128,8,5,1,0.2337625485430351,,0.41600477342487363
128,8,6,0,0.23774011966469108,,0.41753799701625177
128,8,7,1,0.26422676439353626,,0.42736646524376853
128,8,8,1,0.24675889738787624,,0.42095613261531106
128,8,9,1,0.23567314752875754,,0.4167432791017784
128,8,10,0,0.24192742214615387,,0.41913480668450814
128,8,11,1,0.23515164501018618,,0.4165420780133556
128,8,12,1,0.22911678280660078,,0.41419293912650385
128,8,13,1,0.23228289090237833,,0.41543021432130595
128,8,14,1,0.23693315847090995,,0.4172282513823816
128,8,15,0,0.23904959118601732,,0.4180392296918909
128,8,16,0,0.24136887434194784,,0.41892280627272477
128,8,17,1,0.2531534661919782,,0.42333346920767173
128,8,18,1,0.2443250189684383,,0.4200414050679855
128,8,19,0,0.22830313543409161,,0.4138732161354433
128,8,20,0,0.2259697424997499,,0.412952237506252
128,8,21,1,0.24068039213561335,,0.4186610689069872
128,8,22,1,0.23565834815396383,,0.41673757321638444
128,8,23,1,0.24341495238540792,,0.4196979335395926
128,8,24,1,0.2227575724413916,,0.4116743322858852
128,8,25,1,0.2413360796382152,,0.418910349375076
128,8,26,1,0.24003569032306032,,0.418415552927968
128,8,27,1,0.2483746340679895,,0.4215603268761338
128,8,28,1,0.23411533852018132,,0.4161414236863318
128,8,29,1,0.25456756805751973,,0.4238542758968938
128,10,0,1,0.23466716060994255,,0.41635490678387327
128,10,1,0,0.22384023264426195,,0.412106372517045
128,10,2,1,0.2251361124847492,,0.41262172558447907
128,10,3,1,0.22885698891731748,,0.4140909320812653
128,10,4,0,0.23220833749143308,,0.4154012035212983
128,10,5,1,0.23797561451434843,,0.41762826563476924
128,10,6,1,0.240365739156664,,0.41854129364626874
128,10,7,1,0.2593603238706041,,0.42560665962782546
128,10,8,1,0.2321291429614202,,0.4153703802581321
128,10,9,1,0.23774198292139148,,0.41753871144947935
128,10,10,1,0.2432089225143784,,0.41962006506610366
128,10,11,1,0.22968904414849667,,0.414417374848296
128,10,12,0,0.24022397896295727,,0.4184872995771706
128,10,13,1,0.2366418092095678,,0.41711625671972014
128,10,14,1,0.25273409277106945,,0.42317867957481814
128,10,15,1,0.23608021724378264,,0.41690013615230925
128,10,16,0,0.24474525914625894,,0.42019974327161586
128,10,17,1,0.24762329735831842,,0.4212796691114037
128,10,18,0,0.24439345457145445,,0.4200672016808785
128,10,19,1,0.25644036303238776,,0.42454135275713883
128,10,20,0,0.2401429262273779,,0.41845641904336145
128,10,21,1,0.24085554841416332,,0.41872770140592963
128,10,22,1,0.2634771616604092,,0.4270966414479693
128,10,23,1,0.24176364535637906,,0.4190726756378176
128,10,24,0,0.2291215235366509,,0.4141947998682867
128,10,25,1,0.23455970630974154,,0.41631336086534776
128,10,26,1,0.23290728395806737,,0.4156729514613079
128,10,27,1,0.23726332009110254,,0.4173550611150385
128,10,28,1,0.2413719056229767,,0.41892395763601004
128,10,29,1,0.22666603793776532,,0.41322769875061205
128,12,0,1,0.24277937973713312,,0.41945758924514465
128,12,1,1,0.2615628805718507,,0.4264055360546687
128,12,2,1,0.2296987058904315,,0.41442116102902665
128,12,3,1,0.24373978172387456,,0.41982061934354875
128,12,4,1,0.2524615817802291,,0.42307801344983587
128,12,5,1,0.24823217893780847,,0.42150715338520783
128,12,6,1,0.23583197877952422,,0.41680450215325143
128,12,7,1,0.22898723970167467,,0.41414208378694867
128,12,8,0,0.23050465643703713,,0.4147366346762874
128,12,9,1,0.24006266840966003,,0.4184258349726498
128,12,10,1,0.23912588448875904,,0.41806837988942536
128,12,11,1,0.24623778028345172,,0.4207607481793819
128,12,12,1,0.2337051577464298,,0.4159825312513869
128,12,13,0,0.24591946881710927,,0.4206412776843634
128,12,14,1,0.2382478434633156,,0.41773254532365856
128,12,15,0,0.25046590450613393,,0.4223387966128037
128,12,16,1,0.2227808439945738,,0.4116836331912565
128,12,17,1,0.2327015293435708,,0.41559300854941406
128,12,18,0,0.23798467435410764,,0.41763173728644354
128,12,19,0,0.2295979342942548,,0.4143816663089884
128,12,20,1,0.24898050520923187,,0.4217862698068604
128,12,21,1,0.2338906228924821,,0.416054397019122
128,12,22,0,0.22382692485381384,,0.41210107020762016
128,12,23,1,0.24621380498010778,,0.4207517529305367
128,12,24,1,0.2364755560830563,,0.41705231021265854
128,12,25,1,0.23672075865776762,,0.4171466134354121
128,12,26,1,0.24458921949948648,,0.42014097017059926
128,12,27,1,0.22550629721238608,,0.41276859107114994
128,12,28,0,0.2333234903170971,,0.41583452561659756
128,12,29,1,0.23293674413721221,,0.4156843941152586
256,0,0,1,0.22163165653697753,,0.41122358383749597
256,0,1,1,0.21958971654616236,,0.41040229936840933
256,0,2,0,0.21683180780488323,,0.40928508706868455
256,0,3,1,0.22816432868275616,,0.41381859919126607
256,0,4,1,0.22702072707390147,,0.4133678080988859
256,0,5,0,0.22238923611939093,,0.4115270358756114
256,0,6,1,0.23196400083920554,,0.41530608389679957
256,0,7,0,0.212095622296924,,0.4073444697124322
256,0,8,1,0.21386735963487252,,0.40807374562776877
256,0,9,0,0.2222506785912189,,0.41147158622972385
256,0,10,1,0.2206561877665352,,0.4108318603544216
256,0,11,1,0.2203354195529391,,0.41070280166013645
256,0,12,0,0.21707239091691016,,0.4093829154198615
256,0,13,1,0.2253657829112605,,0.4127128623510304
256,0,14,0,0.22182323319803918,,0.4113003843386719
256,0,15,1,0.23593051875963195,,0.41684247230758387
256,0,16,0,0.23249479551147076,,0.41551264003871996
256,0,17,1,0.2217653444859397,,0.41127718208084574
256,0,18,1,0.22843169211006795,,0.4139237809699829
256,0,19,0,0.21892820086959758,,0.4101351645090591
256,0,20,0,0.2138707192925714,,0.40807512471155566
256,0,21,1,0.22542054063943823,,0.41273458222027976
256,0,22,0,0.23896259495711641,,0.41800598302452785
256,0,23,1,0.22690906709762795,,0.4133237153387062
256,0,24,1,0.2166477380852102,,0.40921019060943764
256,0,25,0,0.23422344486606916,,0.4161832717324993
256,0,26,1,0.2169834091987932,,0.40934674107089747
256,0,27,1,0.22411688174986347,,0.4122165534740417
256,0,28,0,0.21618038550919577,,0.4090198405623026
256,0,29,1,0.23055643872581283,,0.41475687978727926
256,1,0,1,0.21810326263896718,,0.4098012952523378
256,1,1,1,0.21664849595057653,,0.4092104990643508
256,1,2,1,0.22182428200402046,,0.41130080467218744
256,1,3,0,0.22212909086814456,,0.4114229092777878
256,1,4,1,0.2340227279086245,,0.4161055643407994
256,1,5,0,0.22534056259075885,,0.412702857466918
256,1,6,0,0.23074776809649902,,0.41483165794218796
256,1,7,1,0.23026981673372193,,0.4146447839587694
256,1,8,0,0.23376262508281856,,0.416004803086055
256,1,9,1,0.22617534158265096,,0.4130336312508258
256,1,10,0,0.24721017182198443,,0.42112512658723544
256,1,11,1,0.22460787443487348,,0.4124118847123456
256,1,12,1,0.21469121592602128,,0.40841149726079073
256,1,13,0,0.232986621131748,,0.41570376479249765
256,1,14,1,0.23750342808747066,,0.41744721322848766
256,1,15,1,0.23326534218387598,,0.4158119630864995
256,1,16,0,0.22588228983549483,,0.41291760179201337
256,1,17,1,0.21245108729128898,,0.4074911076858876
256,1,18,0,0.2336054844780866,,0.4159438940230119
256,1,19,0,0.22042965589794472,,0.41074072964551767
256,1,20,0,0.23242707345908603,,0.4154863029974147
256,1,21,1,0.21913795376211315,,0.4102199244759266
256,1,22,1,0.21700530454206357,,0.4093556432386469
256,1,23,0,0.22381724312611806,,0.4120972125257813
256,1,24,0,0.21848041306235813,,0.40995403807068903
256,1,25,1,0.23754405215233487,,0.4174627987425714
256,1,26,0,0.2237904262804851,,0.41208652679706986
256,1,27,0,0.21231788945691352,,0.40743617941320914
256,1,28,1,0.22095832374788224,,0.41095331077103436
256,1,29,1,0.2195421414964716,,0.4103831050578813
256,2,0,0,0.2262174625010773,,0.413050300444096
256,2,1,0,0.2225448763180847,,0.41158929514243653
256,2,2,0,0.22007831554798474,,0.4105992693232466
256,2,3,1,0.2219710692960392,,0.4113596203785782
256,2,4,1,0.21715247768297252,,0.4094154653185928
256,2,5,1,0.22104673436970418,,0.41098882897447975
256,2,6,0,0.2182494044722434,,0.4098605020038697
256,2,7,0,0.22080311123388754,,0.4108909330963465
256,2,8,0,0.22135270416393937,,0.41111167837780555
256,2,9,0,0.2251941437169621,,0.41264475893075525
256,2,10,1,0.22657299243063939,,0.4131909205764546
256,2,11,0,0.22559040281236936,,0.41280193709370544
256,2,12,1,0.22614072807538235,,0.4130199315916287
256,2,13,1,0.22120199769556187,,0.4110511823027338
256,2,14,1,0.23104936530826975,,0.4149494524721426
256,2,15,0,0.22133476560114398,,0.41110447894649266
256,2,16,1,0.22928867973656974,,0.4142603931386703
256,2,17,0,0.2355487392020303,,0.41669530656192477
256,2,18,0,0.23458089776502725,,0.41632155523835973
256,2,19,0,0.2149958648096511,,0.40853617568270784
256,2,20,0,0.21819243595386686,,0.40983742531631306
256,2,21,0,0.21688683431464761,,0.40930746879342006
256,2,22,1,0.22869199762127906,,0.41402611044541193
256,2,23,1,0.22708498428446147,,0.4133931759418264
256,2,24,1,0.22725334507311407,,0.4134596205610893
256,2,25,1,0.2203652365212092,,0.4107148034550784
256,2,26,1,0.22640073146926135,,0.4131228052048501
256,2,27,0,0.22956368246639444,,0.41436823970514775
256,2,28,1,0.2321508120531766,,0.415378814737584
256,2,29,0,0.2270096515390288,,0.4133634351675977
256,3,0,1,0.21576467799322777,,0.40885029763182834
256,3,1,0,0.2320825817621496,,0.4153522550814705
256,3,2,0,0.22183057254348207,,0.41130332572583306
256,3,3,0,0.23335299455751068,,0.4158459724358229
256,3,4,1,0.2180457944229045,,0.4097780059125532
256,3,5,1,0.21401465112975887,,0.40813419290051156
256,3,6,0,0.22278878857057144,,0.4116868082433085
256,3,7,1,0.2193713860952936,,0.4103141908462427
256,3,8,0,0.21589849760659016,,0.40890489832071586
256,3,9,0,0.23643772025031365,,0.4170377533428924
256,3,10,0,0.23199276906746977,,0.41531728659596406
256,3,11,1,0.22745172754112375,,0.4135378728807936
256,3,12,1,0.2342138428834111,,0.4161795552916912
256,3,13,0,0.2216842357211454,,0.4112446664184173
256,3,14,0,0.23715302787834777,,0.41731271198028286
256,3,15,1,0.2298790207131137,,0.4144918029897298
256,3,16,1,0.22618749595333032,,0.4130384415018217
256,3,17,1,0.23443842871723025,,0.4162664559052711
256,3,18,0,0.23387538505797184,,0.41604849387928744
256,3,19,0,0.2320573425055924,,0.41534242906944374
256,3,20,0,0.22490738662587767,,0.4125309040185792
256,3,21,1,0.22385031430826308,,0.4121103892841849
256,3,22,1,0.221303336669553,,0.4110918643990979
256,3,23,0,0.23159937759803845,,0.41516401862344654
256,3,24,1,0.2100463469874182,,0.4064958936173772
256,3,25,0,0.2186652114854777,,0.4100288169025893
256,3,26,0,0.22620426070183483,,0.41304507609715485
256,3,27,1,0.21976937579498956,,0.4104747590057966
256,3,28,0,0.23015053124815413,,0.41459810604312086
256,3,29,0,0.22726938400385846,,0.41346594877468584
256,4,0,0,0.22630451732072776,,0.413084745730095
256,4,1,0,0.22913172324109965,,0.4141988031801263
256,4,2,0,0.22549845109051753,,0.4127654798475187
256,4,3,0,0.2292180445014651,,0.4142326791042598
256,4,4,1,0.22266556567583118,,0.41163755391372603
256,4,5,1,0.22734010691995626,,0.41349384931876215
256,4,6,0,0.22478078415402625,,0.41248060757871907
256,4,7,1,0.2182398409747582,,0.4098566283180119
256,4,8,0,0.23502001406347978,,0.4164912490035493
256,4,9,1,0.23171068542106074,,0.4152074016688378
256,4,10,0,0.22285995276318823,,0.4117152457596391
256,4,11,0,0.21935501496827955,,0.4103075818745803
256,4,12,0,0.21772095802721048,,0.40964628832338473
256,4,13,0,0.22935953983582674,,0.414288189919012
256,4,14,1,0.21820792708180614,,0.4098437008204377
256,4,15,0,0.21903951253976103,,0.4101801515389051
256,4,16,0,0.22036666027829493,,0.41071537651303597
256,4,17,1,0.22024037658542212,,0.410664538314173
256,4,18,1,0.2295410440195432,,0.4143593648063326
256,4,19,1,0.21464884305192278,,0.4083941467957443
256,4,20,0,0.2255526347910534,,0.4127869638942427
256,4,21,1,0.2163571516624015,,0.4090918681999614
256,4,22,0,0.22428189810571475,,0.4122822326250835
256,4,23,1,0.23338141759567413,,0.4158569989126319
256,4,24,0,0.22330738833931327,,0.41189390823925914
256,4,25,1,0.21618542658913872,,0.40902189520860527
256,4,26,1,0.21395092444046893,,0.40810804334387873
256,4,27,0,0.21838760367675064,,0.40991646705933865
256,4,28,1,0.21745992527370966,,0.409540349007003
256,4,29,0,0.21608805789129124,,0.4089822040411608
256,6,0,1,0.2268674874812434,,0.41330729264373184
256,6,1,0,0.23094395556087272,,0.4149082938213637
256,6,2,1,0.22206206765907935,,0.41139606952056174
256,6,3,0,0.23459391078035055,,0.41632658691712915
256,6,4,1,0.22428486654700527,,0.4122834138262102
256,6,5,1,0.2187591652693802,,0.41006681952075813
256,6,6,0,0.22094818351349596,,0.410949236428084
256,6,7,1,0.22311352152074684,,0.4118165250943137
256,6,8,1,0.22253788862228652,,0.41158650052685974
256,6,9,0,0.22202093819812588,,0.41137959643078126
256,6,10,1,0.22985565266613475,,0.41448265008186
256,6,11,1,0.2207997033289979,,0.4108895631881293
256,6,12,1,0.22310069536225327,,0.4118114039173723
256,6,13,1,0.21785041390545673,,0.40969879668778
256,6,14,0,0.22075002126191146,,0.4108695904471143
256,6,15,1,0.22999274995221206,,0.41453634052658955
256,6,16,0,0.2220625141962879,,0.4113962483558806
256,6,17,0,0.22528470677202123,,0.4126806969310675
256,6,18,0,0.23342143273798804,,0.415872521007689
256,6,19,1,0.21513060282036536,,0.4085912804302939
256,6,20,1,0.2201653402204482,,0.410634321819119
256,6,21,1,0.22278603576442518,,0.41168570809186306
256,6,22,0,0.2205773174221508,,0.41080013880177163
256,6,23,0,0.22381905819697934,,0.41209793574850784
256,6,24,1,0.22436038650868462,,0.4123134613058389
256,6,25,0,0.22231966110640644,,0.41149919530005263
256,6,26,0,0.21587365744035183,,0.4088947647928056
256,6,27,1,0.23503455957451988,,0.4164968666034144
256,6,28,0,0.2300300460537235,,0.41455094300342055
256,6,29,0,0.22341899522580583,,0.4119384370871163
256,8,0,1,0.22730523647569628,,0.41348009345045705
256,8,1,0,0.23607222013656579,,0.41689705624870743
256,8,2,1,0.21645260810671152,,0.40913074814159395
256,8,3,1,0.2214057554061456,,0.4111329676496759
256,8,4,1,0.2366369823956234,,0.41711440056357224
256,8,5,0,0.22823247453494513,,0.4138454155181681
256,8,6,1,0.22375989085940012,,0.41207435831604067
256,8,7,1,0.21898712132022713,,0.41015897929324885
256,8,8,0,0.22289889378716887,,0.41173080426757314
256,8,9,0,0.24723455301905448,,0.4211342515196212
256,8,10,1,0.2214289907909885,,0.41114229088086485
256,8,11,1,0.2190319528202538,,0.41017709672304814
256,8,12,1,0.23038740838205424,,0.41469078396929526
256,8,13,0,0.24317157685683083,,0.41960594600551643
256,8,14,1,0.22221579617827117,,0.41145762302352046
256,8,15,1,0.2206576124106232,,0.41083243327654095
256,8,16,0,0.22233375419791696,,0.4115048351344652
256,8,17,1,0.2275225165352644,,0.41356578512379233
256,8,18,1,0.217096658018629,,0.409392779201508
256,8,19,0,0.2369588548379884,,0.41723812491755796
256,8,20,1,0.23954014425678294,,0.41822655932311986
256,8,21,0,0.2291307544332119,,0.41419842293477976
256,8,22,1,0.23415021143927056,,0.41615492435247037
256,8,23,1,0.22220039693747293,,0.41145145835340463
256,8,24,1,0.22473799350553716,,0.41246360363959383
256,8,25,1,0.2240562124270914,,0.412192398252989
256,8,26,0,0.22989864176204458,,0.41449948779707074
256,8,27,1,0.2330809350917653,,0.41574038623029724
256,8,28,1,0.22901397657603523,,0.41415258151215567
256,8,29,1,0.22570572390133337,,0.4128476463525171
256,10,0,1,0.235571242868344,,0.41670398528176034
256,10,1,1,0.2380733050215358,,0.41766569542416204
256,10,2,1,0.22549790222780544,,0.4127652622043118
256,10,3,0,0.24073809174341745,,0.41868302217155207
256,10,4,1,0.2221618499146311,,0.4114360258776392
256,10,5,1,0.22699076441362825,,0.41335597768554405
256,10,6,1,0.24024204990340084,,0.41849418359663426
256,10,7,1,0.22509343998351553,,0.4126047858736675
256,10,8,1,0.24567896081703436,,0.42055094587782904
256,10,9,1,0.22093119389535373,,0.41094240973204443
256,10,10,1,0.23066176005139805,,0.4147980479026661
256,10,11,1,0.23008725892019072,,0.41457334052134187
256,10,12,1,0.22581501632675746,,0.41289095217592786
256,10,13,1,0.2279166236862472,,0.41372108063222474
256,10,14,1,0.22820495053641335,,0.4138345850649556
256,10,15,1,0.25603352267857604,,0.42439235016590515
256,10,16,1,0.23353242195876578,,0.4159155655305853
256,10,17,0,0.2342097538392,,0.416177972600715
256,10,18,1,0.22079108460237823,,0.4108860985744661
256,10,19,1,0.2235448014128427,,0.41198861389850844
256,10,20,1,0.2218952227799261,,0.41132923284936923
256,10,21,0,0.23192733479820263,,0.4152918044141641
256,10,22,1,0.2335980916619285,,0.41594102786514286
256,10,23,0,0.23322301448930882,,0.41579553693428095
256,10,24,1,0.22373701284514694,,0.41206524063659405
256,10,25,1,0.22952502517700263,,0.4143530846382659
256,10,26,1,0.2352343387513925,,0.4165740008550717
256,10,27,1,0.22357755458960504,,0.41200167424695083
256,10,28,0,0.21644399428360844,,0.40912724014628443
256,10,29,1,0.22659717909082344,,0.41320048179130114
256,12,0,1,0.22238082511977567,,0.41152367049832367
256,12,1,1,0.2243480585259039,,0.41230855676019335
256,12,2,1,0.23147565253694763,,0.41511578031480545
256,12,3,1,0.23088983502490648,,0.4148871570862036
256,12,4,1,0.2280133272688533,,0.4137591597786656
256,12,5,0,0.22631390193264286,,0.4130884584633789
256,12,6,1,0.22129735875909046,,0.4110894649290236
256,12,7,1,0.22283977555619106,,0.41170718345933416
256,12,8,0,0.22906849445827132,,0.4141739844942717
256,12,9,1,0.22254997609393207,,0.41159133467912096
256,12,10,0,0.21612914480256182,,0.40899895405642706
256,12,11,0,0.2271422884200165,,0.4134157949204035
256,12,12,1,0.22843796140639236,,0.41392624638864206
256,12,13,1,0.22623525037248277,,0.41305733932677813
256,12,14,1,0.22121158369255486,,0.41105503107933183
256,12,15,1,0.2146383217889342,,0.40838983829285336
256,12,16,0,0.22765479746511805,,0.4136179288328581
256,12,17,1,0.22843737935118122,,0.4139260174955945
256,12,18,1,0.24123097432751098,,0.4188704185864015
256,12,19,1,0.22041509316950486,,0.41073486916914337
256,12,20,1,0.22744830840996713,,0.4135365245693954
256,12,21,1,0.22400271030695681,,0.41217109311237116
256,12,22,1,0.23016420488133826,,0.4146034574909453
256,12,23,1,0.2335409081237364,,0.415918856154644
256,12,24,0,0.22730593160907375,,0.4134803676833998
256,12,25,1,0.22506489839255245,,0.41259345455677143
256,12,26,0,0.22094955721700654,,0.41094978838884655
256,12,27,1,0.22973663935214023,,0.41443602516487005
256,12,28,1,0.23381759554706005,,0.4160261040026111
256,12,29,0,0.23251491217959067,,0.41552046245440455
